_id,HospitalCode,HospitalName,AddressLine1,AddressLine2,AddressLine2QF,AddressLine3,AddressLine3QF,AddressLine4,AddressLine4QF,Postcode,HealthBoard,HSCP,CouncilArea,IntermediateZone,DataZone
1,A101H,Arran War Memorial Hospital,Lamlash,Isle of Arran,"","",z,"",z,KA278LF,S08000015,S37000020,S12000021,S02002097,S01011176
2,A103H,Ayrshire Central Hospital,Kilwinning Road,Irvine,"","",z,"",z,KA128SS,S08000015,S37000020,S12000021,S02002105,S01011213
3,A105H,Kirklandside Hospital,Kirklandside,Kilmarnock,"",Ayrshire,"","",z,KA1 5LH,S08000015,S37000008,S12000008,S02001492,S01007961
4,A110H,Lady Margaret Hospital,College St,Millport,"",Isle of Cumbrae,"","",z,KA280HF,S08000015,S37000020,S12000021,S02002128,S01011328
5,A111H,University Hospital Crosshouse,Kilmarnock Road,Kilmarnock,"",Ayrshire,"","",z,KA2 0BE,S08000015,S37000008,S12000008,S02001504,S01008027
6,A112H,Brooksby Day Hospital,18 Greenock Road,Largs,"","",z,"",z,KA308NE,S08000015,S37000020,S12000021,S02002129,S01011329
7,A114H,Warrix Avenue Mental Health Community Rehabilitation Unit,Warrix Avenue,Irvine,"","",z,"",z,KA120DP,S08000015,S37000020,S12000021,S02002109,S01011229
8,A201H,Ailsa Hospital,Dalmellington Road,Ayr,"","",z,"",z,KA6 6AB,S08000015,S37000027,S12000028,S02002333,S01012444
9,A202E,Maybole Day Hospital,6 High Street,Maybole,"","",z,"",z,KA197BY,S08000015,S37000027,S12000028,S02002332,S01012439
10,A208H,Biggart Hospital,Biggart Road,Prestwick,"","",z,"",z,KA9 2HQ,S08000015,S37000027,S12000028,S02002347,S01012529
11,A210H,University Hospital Ayr,Dalmellington Road,Ayr,"","",z,"",z,KA6 6DX,S08000015,S37000027,S12000028,S02002333,S01012444
12,A211H,Arrol Park Resource Centre,10 Doonfoot Road,Ayr,"","",z,"",z,KA7 4DW,S08000015,S37000027,S12000028,S02002335,S01012451
13,A214H,Three Towns Resource Centre,Nelson Road,Saltcoats,"","",z,"",z,KA215RF,S08000015,S37000020,S12000021,S02002111,S01011237
14,A215H,East Ayrshire Community Hospital,Ayr Road,Cumnock,"","",z,"",z,KA181EF,S08000015,S37000008,S12000008,S02001484,S01007918
15,A216H,Girvan Community Hospital,Bridgemill,Girvan,"",Ayrshire,"","",z,KA269HQ,S08000015,S37000027,S12000028,S02002331,S01012433
16,A217H,Woodland View,Ayrshire Central Hospital,Kilwinning Road,"",Irvine,"","",z,KA128SS,S08000015,S37000020,S12000021,S02002105,S01011213
17,A218H,Ayr National Treatment Centre,Dalmellington Road,Ayr,"","",z,"",z,KA6 6PG,S08000015,S37000027,S12000028,S02002333,S01012444
18,B103H,The Knoll Hospital,Station Road,Duns,"","",z,"",z,TD113EL,S08000016,S37000025,S12000026,S02002304,S01012305
19,B104H,Galavale House,Tweed Road,Galashiels,"","",z,"",z,TD1 3EB,S08000016,S37000025,S12000026,S02002299,S01012282
20,B105H,Hawick Community  Hospital,Victoria Road,Hawick,"","",z,"",z,TD9 7AH,S08000016,S37000025,S12000026,S02002319,S01012372
21,B108H,Andrew Lang Unit,Viewfield House,Selkirk,"","",z,"",z,TD7 4LH,S08000016,S37000025,S12000026,S02002321,S01012384
22,B114H,Kelso Hospital,Inch Road,Kelso,"","",z,"",z,TD5 7JP,S08000016,S37000025,S12000026,S02002310,S01012337
23,B118H,Hay Lodge Hospital,Neidpath Road,Peebles,"","",z,"",z,EH458JG,S08000016,S37000025,S12000026,S02002293,S01012253
24,B120H,Borders General Hospital,Melrose,"",z,"",z,"",z,TD6 9BS,S08000016,S37000025,S12000026,S02002320,S01012377
25,B121H,Hawick Psychiatric Day Hospital,c/o Hawick Community Hospital,Victoria Road,"",Hawick,"","",z,TD9 7AH,S08000016,S37000025,S12000026,S02002319,S01012372
26,B122H,Hawick Psychogeriatric Day Hospital,West Port,Drumlanrig Square,"",Hawick,"","",z,TD9 0BG,S08000016,S37000025,S12000026,S02002318,S01012370
27,B123H,Peebles Psychogeriatric Day Hospital,Firholm,Innerleithen Road,"",Peebles,"","",z,EH458BD,S08000016,S37000025,S12000026,S02002293,S01012255
28,B124H,Galashiels Psychogeriatric Day Hospital,Sime Place,Galashiels,"","",z,"",z,TD1 1ST,S08000016,S37000025,S12000026,S02002297,S01012275
29,B127H,Eyemouth Day Hospital,Houndlaw Park,Eyemouth,"","",z,"",z,TD145DA,S08000016,S37000025,S12000026,S02002306,S01012316
30,B128H,Crumhaugh House,Crumhaugh Road,Hawick,"","",z,"",z,TD9 0BA,S08000016,S37000025,S12000026,S02002318,S01012371
31,B129H,Borders Specialist Dementia Unit,Borders General Hospital,Melrose,"","",z,"",z,TD6 9BS,S08000016,S37000025,S12000026,S02002320,S01012377
32,B130H,Huntlyburn House,The Cottages,Huntlyburn,"",Melrose,"","",z,TD6 9BD,S08000016,S37000025,S12000026,S02002320,S01012377
33,Y101H,Castle Douglas Community Hospital,Academy Street,Castle Douglas,"","",z,"",z,DG7 1EE,S08000017,S37000006,S12000006,S02001415,S01007536
34,Y105H,Nithbank Hospital,Nithbank,Dumfries,"","",z,"",z,DG1 2SA,S08000017,S37000006,S12000006,S02001427,S01007600
35,Y106H,Kirkcudbright Cottage Hospital,Townend,Kirkcudbright,"","",z,"",z,DG6 4BE,S08000017,S37000006,S12000006,S02001414,S01007527
36,Y107H,Thomas Hope Hospital,Langholm,"",z,"",z,"",z,DG130JX,S08000017,S37000006,S12000006,S02001438,S01007647
37,Y108H,Lochmaben Hospital,Lochmaben,Lockerbie,"","",z,"",z,DG111RQ,S08000017,S37000006,S12000006,S02001435,S01007632
38,Y109H,Moffat Community Hospital,Holmend,Moffat,"","",z,"",z,DG109JY,S08000017,S37000006,S12000006,S02001437,S01007644
39,Y110H,Newton Stewart Hospital,Newton Stewart,"",z,"",z,"",z,DG8 6LZ,S08000017,S37000006,S12000006,S02001412,S01007513
40,Y114H,Thornhill Hospital,Thornhill,"",z,"",z,"",z,DG3 5AA,S08000017,S37000006,S12000006,S02001420,S01007561
41,Y120H,Annan Hospital,Stapleton Road,Annan,"","",z,"",z,DG126NQ,S08000017,S37000006,S12000006,S02001442,S01007671
42,Y126H,Acorn House,Kingholm Road,Dumfries,"","",z,"",z,DG1 4SR,S08000017,S37000006,S12000006,S02001427,S01007600
43,Y129H,Wellgreen Cottages,Glencaple Road,Dumfries,"","",z,"",z,DG1 4TD,S08000017,S37000006,S12000006,S02001427,S01007599
44,Y130H,Innistaigh,Dalrymple Street,Stranraer,"","",z,"",z,DG9 7EH,S08000017,S37000006,S12000006,S02001407,S01007492
45,Y132H,Cardoness,Bankend Road,Dumfries,"","",z,"",z,DG1 4TG,S08000017,S37000006,S12000006,S02001427,S01007599
46,Y134H,Treastaigh,Stapleton Road,Annan,"","",z,"",z,DG126JP,S08000017,S37000006,S12000006,S02001442,S01007671
47,Y135H,Nithview Day Hospital,Nithbank,Dumfries,"","",z,"",z,DG1 2SD,S08000017,S37000006,S12000006,S02001427,S01007600
48,Y136H,Laurel Bank (CETU),Nithbank,Dumfries,"","",z,"",z,DG1 2SA,S08000017,S37000006,S12000006,S02001427,S01007600
49,Y138H,Heather Lodge (CETU),Nithbank,Dumfries,"","",z,"",z,DG1 2SA,S08000017,S37000006,S12000006,S02001427,S01007600
50,Y142H,Lismore,41A Prestonfield Road,Annan,"","",z,"",z,DG125HJ,S08000017,S37000006,S12000006,S02001442,S01007666
51,Y144H,Galloway Community Hospital,Dalrymple Street,Stranraer,"","",z,"",z,DG9 7DQ,S08000017,S37000006,S12000006,S02001407,S01007492
52,Y145H,Midpark Hospital,Bankend Road,Dumfries,"","",z,"",z,DG1 4TN,S08000017,S37000006,S12000006,S02001427,S01007598
53,Y146H,Dumfries & Galloway Royal Infirmary,Cargenbridge,Dumfries,"","",z,"",z,DG2 8RX,S08000017,S37000006,S12000006,S02001426,S01007594
54,F701H,Cameron Hospital,Cameron Bridge,Windygates,"",Fife,"","",z,KY8 5RR,S08000029,S37000032,S12000047,S02001812,S01009616
55,F704H,Victoria Hospital,Hayfield Road,Kirkcaldy,"","",z,"",z,KY2 5AH,S08000029,S37000032,S12000047,S02001793,S01009522
56,F705H,Victoria Maternity Unit,Hayfield Road,Kirkcaldy,"","",z,"",z,KY2 5AH,S08000029,S37000032,S12000047,S02001793,S01009522
57,F708H,Adamson Hospital,Bank Street,Cupar,"","",z,"",z,KY154JG,S08000029,S37000032,S12000047,S02001827,S01009687
58,F709H,St Andrews Community Hospital,Largo Road,St Andrews,"","",z,"",z,KY168AR,S08000029,S37000032,S12000047,S02001836,S01009730
59,F710H,Randolph Wemyss Memorial Hospital,Wellesley Road,Buckhaven,"","",z,"",z,KY8 1HU,S08000029,S37000032,S12000047,S02001813,S01009619
60,F711H,Whytemans Brae Hospital,Whytemans Brae,Kirkcaldy,"","",z,"",z,KY1 2ND,S08000029,S37000032,S12000047,S02001793,S01009522
61,F712H,Stratheden Hospital,Stratheden,By Springfield,"",Cupar,"","",z,KY155RR,S08000029,S37000032,S12000047,S02001826,S01009681
62,F714H,Weston Day Hospital,West Port,Cupar,"","",z,"",z,KY154AN,S08000029,S37000032,S12000047,S02001827,S01009689
63,F716H,Glenrothes Hospital,Lodge Rise,Glenrothes,"",Fife,"","",z,KY7 5TG,S08000029,S37000032,S12000047,S02001807,S01009590
64,F805H,Queen Margaret Hospital,Whitefield Road,Dunfermline,"","",z,"",z,KY120SU,S08000029,S37000032,S12000047,S02001750,S01009326
65,F810H,Lynebank Hospital,Halbeath Road,Dunfermline,"","",z,"",z,KY118JH,S08000029,S37000032,S12000047,S02001768,S01009404
66,F812H,National Treatment Centre Fife Orthopaedics,Hayfield Road,Kirkcaldy,"","",z,"",z,KY2 5AH,S08000029,S37000032,S12000047,S02001793,S01009522
67,V102H,Falkirk Community Hospital,Majors Loan,Falkirk,"","",z,"",z,FK1 5QE,S08000019,S37000013,S12000014,S02001716,S01009155
68,V105H,Bo'ness Hospital,Dean Road,Bo'ness,"","",z,"",z,EH510DH,S08000019,S37000013,S12000014,S02001736,S01009257
69,V106H,Bellsdyke Hospital,Bellsdyke Road,Larbert,"","",z,"",z,FK5 4SF,S08000019,S37000013,S12000014,S02001703,S01009090
70,V201H,Stirling Community Hospital,Livilands Gate,Stirling,"","",z,"",z,FK8 2AU,S08000019,S37000005,S12000030,S02002447,S01013060
71,V214H,Lochview Hospital,Stirling Road,Larbert,"","",z,"",z,FK5 4SE,S08000019,S37000013,S12000014,S02001703,S01009088
72,V215H,Bungalows/Red Lodge,Stirling Road,Larbert,"",Stirlingshire,"","",z,FK5 4AE,S08000019,S37000013,S12000014,S02001704,S01009095
73,V216H,Clackmannanshire Community Healthcare Centre,Hall Park Road,Sauchie,"","",z,"",z,FK103JQ,S08000019,S37000005,S12000005,S02001401,S01007460
74,V217H,Forth Valley Royal Hospital,Stirling Road,Larbert,"","",z,"",z,FK5 4WR,S08000019,S37000013,S12000014,S02001703,S01009088
75,N101H,Aberdeen Royal Infirmary,Foresterhill Road,Aberdeen,"","",z,"",z,AB252ZN,S08000020,S37000001,S12000033,S02001245,S01006563
76,N102H,Woodend General Hospital,Aberdeen,"",z,"",z,"",z,AB156XS,S08000020,S37000001,S12000033,S02001244,S01006555
77,N103H,City Hospital,Urquhart Road,Aberdeen,"","",z,"",z,AB245AU,S08000020,S37000001,S12000033,S02001260,S01006641
78,N104H,Woolmanhill Hospital,Skene Street,Aberdeen,"","",z,"",z,AB251LD,S08000020,S37000001,S12000033,S02001261,S01006648
79,N106H,The Baird Family Hospital,Foresterhill Health Campus,Foresterhill Road,"",Aberdeen,"","",z,AB252ZL,S08000020,S37000001,S12000033,S02001245,S01006563
80,N111H,Hyperbaric Centre,123 Ashgrove Road West,Aberdeen,"","",z,"",z,AB165FA,S08000020,S37000001,S12000033,S02001269,S01006694
81,N121H,Royal Aberdeen Children's Hospital,Westburn Drive,Aberdeen,"","",z,"",z,AB252ZG,S08000020,S37000001,S12000033,S02001245,S01006563
82,N151H,Aboyne Hospital,Bellwood Road,Aboyne,"","",z,"",z,AB345HQ,S08000020,S37000002,S12000034,S02001286,S01006799
83,N161H,Aberdeen Maternity Hospital,Foresterhill,Aberdeen,"","",z,"",z,AB252ZL,S08000020,S37000001,S12000033,S02001245,S01006563
84,N181H,Glen O'Dee Hospital,Banchory,"",z,"",z,"",z,AB315SA,S08000020,S37000002,S12000034,S02001299,S01006872
85,N183H,Roxburghe House,Cornhill Site,Ashgrove Road,"",Aberdeen,"","",z,AB252ZH,S08000020,S37000001,S12000033,S02001262,S01006655
86,N184H,Maidencraig House,Woodend Hospital,Eday Road,"","",z,"",z,AB156XS,S08000020,S37000001,S12000033,S02001244,S01006555
87,N198H,Royal Cornhill Hospital,Cornhill Road,Aberdeen,"","",z,"",z,AB252ZH,S08000020,S37000001,S12000033,S02001262,S01006655
88,N331H,Inverurie Hospital,Upperboat Road,Inverurie,"","",z,"",z,AB513UL,S08000020,S37000002,S12000034,S02001304,S01006905
89,N332H,Insch & District War Memorial Hosp.,Rannes Street,Insch,"","",z,"",z,AB526JJ,S08000020,S37000002,S12000034,S02001319,S01007001
90,N333H,Peterhead Community Hospital,Links Terrace,Peterhead,"","",z,"",z,AB422XB,S08000020,S37000002,S12000034,S02001335,S01007080
91,N334H,Fraserburgh Hospital,Lochpots Road,Fraserburgh,"","",z,"",z,AB439NF,S08000020,S37000002,S12000034,S02001342,S01007123
92,N335H,Jubilee Hospital,Bleachfield Street,Huntly,"","",z,"",z,AB548EX,S08000020,S37000002,S12000034,S02001321,S01007010
93,N336H,Turriff Cottage Hospital,Balmellie Road,Turriff,"","",z,"",z,AB534DQ,S08000020,S37000002,S12000034,S02001323,S01007022
94,N337H,Chalmers Hospital,Banff,"",z,"",z,"",z,AB451JA,S08000020,S37000002,S12000034,S02001326,S01007032
95,N352H,Ugie Hospital,Ugie Road,Peterhead,"","",z,"",z,AB421LZ,S08000020,S37000002,S12000034,S02001337,S01007094
96,N401E,Buckie Day Hospital,The Bungalow,Seafield Hospital,"",Buckie,"","",z,AB561SF,S08000020,S37000019,S12000020,S02002079,S01011081
97,N411H,Dr Gray's Hospital,Pluscarden Road,Elgin,"",Morayshire,"","",z,IV301SN,S08000020,S37000019,S12000020,S02002087,S01011118
98,N431H,Seafield Hospital,Barrhill Road,Buckie,"","",z,"",z,AB561SF,S08000020,S37000019,S12000020,S02002079,S01011081
99,N432H,Stephen Cottage Hospital,Stephen Avenue,Dufftown,"","",z,"",z,AB554BH,S08000020,S37000019,S12000020,S02002073,S01011049
100,N433H,Turner Memorial Hospital,Turner Street,Keith,"","",z,"",z,AB555DJ,S08000020,S37000019,S12000020,S02002076,S01011062
101,N434H,Leanchoil Hospital,91 St Leonard's Road,Forres,"","",z,"",z,IV362RF,S08000020,S37000019,S12000020,S02002096,S01011167
102,N451H,Fleming Cottage Hospital,Queens Road,Aberlour,"","",z,"",z,AB389PR,S08000020,S37000019,S12000020,S02002074,S01011052
103,N492H,Rehabilitation Hospital,15 Polmuir Road,Aberdeen,"","",z,"",z,AB117RS,S08000020,S37000001,S12000033,S02001252,S01006598
104,N494H,Kincardine Community Hospital,Kirkton Road,Stonehaven,"","",z,"",z,AB392NJ,S08000020,S37000002,S12000034,S02001291,S01006826
105,N495H,Pluscarden Clinic,Dr Gray's Hospital,Elgin,"","",z,"",z,IV301SN,S08000020,S37000019,S12000020,S02002087,S01011118
106,N496H,375 Great Western Lodge,375 Great Western Road,Aberdeen,"","",z,"",z,AB106NU,S08000020,S37000001,S12000033,S02001240,S01006533
107,N499H,Elmwood,Ashgrove Road,Aberdeen,"","",z,"",z,AB253BW,S08000020,S37000001,S12000033,S02001262,S01006655
108,N500H,Aberdeen Community Health and Care Village,50 Frederick Street,Aberdeen,"","",z,"",z,AB245HY,S08000020,S37000001,S12000033,S02001259,S01006639
109,N501H,Rosewell House (NHS Wards),194 Kings Gate,Aberdeen,"","",z,"",z,AB156XN,S08000020,S37000001,S12000033,S02001244,S01006553
110,C204H,Dumbarton Joint Hospital/Riverview Resource Centre,Cardross Road,Dumbarton,"","",z,"",z,G82 5JA,S08000031,S37000029,S12000039,S02002472,S01013202
111,C206H,Vale of Leven General Hospital,North Main Street,Alexandria,"","",z,"",z,G83 0UA,S08000031,S37000029,S12000039,S02002476,S01013228
112,C313H,Inverclyde Royal Hospital,Larkfield Road,Greenock,"","",z,"",z,PA160XN,S08000031,S37000017,S12000018,S02002041,S01010856
113,C403H,Dykebar Hospital,Grahamston Road,Paisley,"","",z,"",z,PA2 7DE,S08000031,S37000024,S12000038,S02002255,S01012027
114,C418H,Royal Alexandra Hospital,Corsebar Road,Paisley,"","",z,"",z,PA2 9PN,S08000031,S37000024,S12000038,S02002270,S01012107
115,C419H,Larkfield Unit,Inverclyde Royal Hospital,Larkfield Road,"",Greenock,"","",z,PA160XN,S08000031,S37000017,S12000018,S02002041,S01010856
116,C420H,Blythswood House,Fulbar Lane,Renfrew,"","",z,"",z,PA4 8NT,S08000031,S37000024,S12000038,S02002282,S01012186
117,G106H,Glasgow Dental Hospital and School,378 Sauchiehall Street,Glasgow,"","",z,"",z,G2  3JZ,S08000031,S37000034,S12000049,S02001933,S01010267
118,G107H,Glasgow Royal Infirmary,84 Castle Street,Glasgow,"","",z,"",z,G4  0SF,S08000031,S37000034,S12000049,S02001932,S01010262
119,G108H,The Princess Royal Maternity Unit,16 Alexandra Parade,Glasgow,"","",z,"",z,G31 2ER,S08000031,S37000034,S12000049,S02001932,S01010262
120,G109H,Lightburn Hospital,966 Carntyne Road,Glasgow,"","",z,"",z,G32 6NB,S08000031,S37000034,S12000049,S02001914,S01010159
121,G110H,Acorn Street Day Hospital,21-23 Acorn Street,Glasgow,"","",z,"",z,G40 4AN,S08000031,S37000034,S12000049,S02001892,S01010043
122,G112H,Parkview Resource Centre,152 Wellshot Road,Glasgow,"","",z,"",z,G32 7AX,S08000031,S37000034,S12000049,S02001911,S01010144
123,G113H,Auchinlea Resource Centre,Auchinlea House,Auchinlea Road,"",Glasgow,"","",z,G34 9HQ,S08000031,S37000034,S12000049,S02001906,S01010114
124,G207H,Stobhill Hospital,133 Balornock Road,Glasgow,"","",z,"",z,G21 3UW,S08000031,S37000034,S12000049,S02001922,S01010209
125,G212H,Shawpark Resource Centre,41 Shawpark Street,Glasgow,"","",z,"",z,G20 9DR,S08000031,S37000034,S12000049,S02001949,S01010359
126,G214H,Springpark Resource Centre/Day Hosp,101 Denmark Street,Glasgow,"","",z,"",z,G22 5EU,S08000031,S37000034,S12000049,S02001924,S01010224
127,G302H,Leverndale Hospital,510 Crookston Road,Glasgow,"","",z,"",z,G53 7TU,S08000031,S37000034,S12000049,S02001849,S01009804
128,G303H,Mearnskirk House,Newton Mearns,Glasgow,"","",z,"",z,G77 5RZ,S08000031,S37000011,S12000011,S02001564,S01008349
129,G306H,New Victoria Hospital,55 Grange Road,Glasgow,"","",z,"",z,G42 9LF,S08000031,S37000034,S12000049,S02001867,S01009904
130,G405H,Queen Elizabeth University Hospital,1345 Govan Road,Glasgow,"","",z,"",z,G51 4TF,S08000031,S37000034,S12000049,S02001855,S01009833
131,G408H,Florence Street Mental Health Resource Centre,26 Florence Street,Glasgow,"","",z,"",z,G5  0YX,S08000031,S37000034,S12000049,S02001889,S01010025
132,G410H,Shawmill Resource Centre,35 Well Green,Glasgow,"","",z,"",z,G43 1RR,S08000031,S37000034,S12000049,S02001873,S01009935
133,G504H,Gartnavel General Hospital (Admin Purposes),1053 Great Western Road,Glasgow,"","",z,"",z,G12 0YN,S08000031,S37000034,S12000049,S02001958,S01010412
134,G505H,Gartnavel Royal Hospital,1055 Great Western Road,Glasgow,"","",z,"",z,G12 0XH,S08000031,S37000034,S12000049,S02001958,S01010412
135,G507H,Centre for Integrative Care,1053 Great Western Road,Glasgow,"","",z,"",z,G12 0YN,S08000031,S37000034,S12000049,S02001958,S01010412
136,G513H,Royal Hospital for Children,1345 Govan Road,Glasgow,"","",z,"",z,G51 4TF,S08000031,S37000034,S12000049,S02001855,S01009833
137,G516H,West Glasgow,1053 Great Western Road,Glasgow,"","",z,"",z,G12 0YN,S08000031,S37000034,S12000049,S02001958,S01010412
138,G517H,Beatson West of Scotland Cancer Centre,1053 Great Western Road,Glasgow,"","",z,"",z,G12 0YN,S08000031,S37000034,S12000049,S02001958,S01010412
139,G598H,Arran Resource Centre,121 Orr Street,Bridgeton,"",Glasgow,"","",z,G40 2BJ,S08000031,S37000034,S12000049,S02001894,S01010055
140,G599H,Riverside Resource Centre,547 Dumbarton Road,Glasgow,"","",z,"",z,G11 6HU,S08000031,S37000034,S12000049,S02001954,S01010388
141,G600H,Festival Business Park,150 Brand Street,Glasgow,"","",z,"",z,G51 1DH,S08000031,S37000034,S12000049,S02001860,S01009862
142,G602H,Eastwood Resource Centre,38 Seres Rd,Clarkston,"",Glasgow,"","",z,G76 7QF,S08000031,S37000011,S12000011,S02001569,S01008382
143,G603H,Arndale Resource Centre,80/90 Kinfauns Drive,Glasgow,"","",z,"",z,G15 7TS,S08000031,S37000034,S12000049,S02001976,S01010499
144,G605H,Bridgeview Resource Centre,The Quadrangle,49 Ruchill Street,"",Glasgow,"","",z,G20 9PX,S08000031,S37000034,S12000049,S02001941,S01010319
145,G607H,Woodlands Resource Centre,15-17 Waterloo Close,Kirkintilloch,"","",z,"",z,G66 2HL,S08000031,S37000009,S12000045,S02001527,S01008135
146,G608H,2-4 Waterloo Close,2-4 Waterloo Close,Kirkintilloch,"","",z,"",z,G66 2HL,S08000031,S37000009,S12000045,S02001527,S01008135
147,G609H,The Orchards,135 Panmure Street,Glasgow,"","",z,"",z,G20 7SJ,S08000031,S37000034,S12000049,S02001940,S01010314
148,G610H,Pineview,Switchback Road,Bearsden,"",Glasgow,"","",z,G61 1QN,S08000031,S37000009,S12000045,S02001515,S01008072
149,G611H,Netherton,19 Blackwood Street,Glasgow,"","",z,"",z,G13 1AL,S08000031,S37000034,S12000049,S02001971,S01010472
150,G612H,Rowanbank Clinic,Balornock Road,Glasgow,"","",z,"",z,G21 3UL,S08000031,S37000034,S12000049,S02001919,S01010198
151,G613H,Skye House,133 Balornock Road,Glasgow,"","",z,"",z,G21 3UZ,S08000031,S37000034,S12000049,S02001922,S01010209
152,G614H,Orchard View,Inverclyde Adult and Older Peoples,Continuing Care Hospital,"",Larkfield Road,"",Greenock,"",PA160XN,S08000031,S37000017,S12000018,S02002041,S01010856
153,G615H,The Mary Aitkenhead Centre,St Margaret's Hospice,East Barns Street,"",Clydebank,"","",z,G81 1EG,S08000031,S37000029,S12000039,S02002460,S01013125
154,C101H,Argyll and Bute Hospital,Blarbuie Road,Lochgilphead,"","",z,"",z,PA318LD,S08000022,S37000004,S12000035,S02001376,S01007317
155,C106H,Cowal Community Hospital,360 Argyll Street,Dunoon,"","",z,"",z,PA237RL,S08000022,S37000004,S12000035,S02001385,S01007365
156,C108H,Islay Hospital,Gortonvogie Road,Bowmore,"",Isle of Islay,"","",z,PA437JD,S08000022,S37000004,S12000035,S02001378,S01007327
157,C113H,Victoria Hospital,High Street,Rothesay,"","",z,"",z,PA209JJ,S08000022,S37000004,S12000035,S02001382,S01007348
158,C114H,Victoria Hospital Annexe,Townhead,Rothesay,"","",z,"",z,PA209JH,S08000022,S37000004,S12000035,S02001382,S01007348
159,C121H,Lorn & Islands Hospital,Glengallan Road,Oban,"","",z,"",z,PA344HH,S08000022,S37000004,S12000035,S02001371,S01007291
160,C122H,Campbeltown Hospital,Ralston Road,Campbeltown,"","",z,"",z,PA286LE,S08000022,S37000004,S12000035,S02001380,S01007337
161,H101H,Dunbar Hospital,Thurso,Caithness,"","",z,"",z,KW147XE,S08000022,S37000016,S12000017,S02002030,S01010797
162,H103H,Caithness General Hospital,Cliff Road,Wick,"","",z,"",z,KW1 5NS,S08000022,S37000016,S12000017,S02002027,S01010781
163,H104H,Wick Town and County Hospital,Hospital Road,Wick,"",Caithness,"","",z,KW1 5NQ,S08000022,S37000016,S12000017,S02002027,S01010780
164,H106H,Lawson Memorial Hospital,Station Road,Golspie,"","",z,"",z,KW106SS,S08000022,S37000016,S12000017,S02002025,S01010766
165,H201H,RNI Community Hospital,Ness Walk,Inverness,"","",z,"",z,IV3 5SF,S08000022,S37000016,S12000017,S02002000,S01010631
166,H202H,Raigmore Hospital,Inverness,"",z,"",z,"",z,IV2 3UJ,S08000022,S37000016,S12000017,S02001998,S01010624
167,H208H,Nairn Town and County Hospital,Cawdor Road,Nairn,"","",z,"",z,IV125EE,S08000022,S37000016,S12000017,S02001986,S01010556
168,H210H,Ian Charles Community Hospital,Castle Road East,Grantown-on-Spey,"","",z,"",z,PH263HR,S08000022,S37000016,S12000017,S02001984,S01010546
169,H211H,St Vincent's Hospital,Gynack Road,Kingussie,"","",z,"",z,PH211EX,S08000022,S37000016,S12000017,S02001982,S01010533
170,H212H,Belford Hospital,Belford Road,Fort William,"","",z,"",z,PH336BS,S08000022,S37000016,S12000017,S02001980,S01010522
171,H213H,Glencoe Hospital,Glencoe,Ballachulish,"",Argyll,"","",z,PH494HT,S08000022,S37000016,S12000017,S02001981,S01010525
172,H214H,Mackinnon Memorial Hospital,Broadford,Isle of Skye,"","",z,"",z,IV499AA,S08000022,S37000016,S12000017,S02002008,S01010673
173,H215H,Portree Hospital,Portree,Isle of Skye,"","",z,"",z,IV519BZ,S08000022,S37000016,S12000017,S02002009,S01010679
174,H217H,Ross Memorial Hospital,Ferry Road,Dingwall,"","",z,"",z,IV159QT,S08000022,S37000016,S12000017,S02002017,S01010716
175,H219H,County Community Hospital Invergordon,Invergordon,"",z,"",z,"",z,IV180JR,S08000022,S37000016,S12000017,S02002021,S01010744
176,H221H,Osprey House,Raigmore Avenue,Inverness,"","",z,"",z,IV2 3DZ,S08000022,S37000016,S12000017,S02001998,S01010624
177,H223H,New Craigs Hospital,Leachkin Road,Inverness,"","",z,"",z,IV3 8PJ,S08000022,S37000016,S12000017,S02002004,S01010650
178,H224H,Mid-Argyll Community Hospital and Integrated Care Centre,Lochgilphead,Argyll,"","",z,"",z,PA318JZ,S08000022,S37000004,S12000035,S02001376,S01007317
179,H225H,Dunaros Community Hospital,Salen,Isle of Mull,"",Argyll,"","",z,PA726JF,S08000022,S37000004,S12000035,S02001370,S01007285
180,H226H,Migdale Hospital,Cherry Grove,Bonar Bridge,"",Sutherland,"","",z,IV243ER,S08000022,S37000016,S12000017,S02002024,S01010763
181,H227H,Mull and Iona Community Hospital,Java Road,Craignure,"",Isle Of Mull,"","",z,PA656BH,S08000022,S37000004,S12000035,S02001370,S01007288
182,H228H,Badenoch and Strathspey Community Hospital,Cairnview Road,Aviemore,"","",z,"",z,PH221AJ,S08000022,S37000016,S12000017,S02001983,S01010539
183,H229H,Broadford Hospital,High Road,Broadford,"",Isle of Skye,"","",z,IV499AA,S08000022,S37000016,S12000017,S02002008,S01010673
184,H230H,National Treatment Centre - Highland,Inverness Campus,Inverness,"","",z,"",z,IV2 5NA,S08000022,S37000016,S12000017,S02001991,S01010582
185,H231H,Lochaber Hospital,Lochaber Hospital,Blar Mhor,"",Fort William,"","",z,PH337GA,S08000022,S37000016,S12000017,S02001979,S01010510
186,L103H,Coathill Hospital,Hospital Street,Coatbridge,"","",z,"",z,ML5 4DN,S08000032,S37000035,S12000050,S02002171,S01011570
187,L104H,Victoria Memorial Cottage Hospital,19 Glasgow Road,Kilsyth,"","",z,"",z,G65 9AG,S08000032,S37000035,S12000050,S02002211,S01011797
188,L105H,Wester Moffat Hospital,Towers Road,Airdrie,"","",z,"",z,ML6 8LW,S08000032,S37000035,S12000050,S02002182,S01011628
189,L106H,University Hospital Monklands ,Monkscourt Avenue,Airdrie,"","",z,"",z,ML6 0JS,S08000032,S37000035,S12000050,S02002186,S01011652
190,L203H,Cleland Hospital,Cleland,Motherwell,"",Lanarkshire,"","",z,ML1 5NR,S08000032,S37000035,S12000050,S02002150,S01011451
191,L204H,Hartwoodhill Hospital,Hartwood,Shotts,"","",z,"",z,ML7 4LA,S08000032,S37000035,S12000050,S02002146,S01011429
192,L206H,Kello Hospital,Johns Loan,Biggar,"","",z,"",z,ML126AF,S08000032,S37000028,S12000029,S02002355,S01012576
193,L207H,Lady Home Cottage Hospital,Douglas,Lanark,"","",z,"",z,ML110RH,S08000032,S37000028,S12000029,S02002368,S01012638
194,L209H,Lockhart Hospital,Whitelees Road,Lanark,"","",z,"",z,ML117RX,S08000032,S37000028,S12000029,S02002366,S01012628
195,L211H,Roadmeetings Hospital,Roadmeetings,Carluke,"","",z,"",z,ML8 4PS,S08000032,S37000028,S12000029,S02002363,S01012617
196,L213H,Strathclyde Hospital,Crawford Street,Motherwell,"","",z,"",z,ML1 3BW,S08000032,S37000035,S12000050,S02002156,S01011478
197,L216H,Kirklands Hospital,Fallside Road,Bothwell,"","",z,"",z,G71 8BB,S08000032,S37000028,S12000029,S02002400,S01012806
198,L218H,Airbles Road Centre,Airbles Road,Motherwell,"","",z,"",z,ML1 2TJ,S08000032,S37000035,S12000050,S02002138,S01011380
199,L302H,University Hospital Hairmyres,Eaglesham Road,East Kilbride,"","",z,"",z,G75 8RG,S08000032,S37000028,S12000029,S02002427,S01012955
200,L304H,Stonehouse Hospital,Strathaven Road,Stonehouse,"","",z,"",z,ML9 3NT,S08000032,S37000028,S12000029,S02002376,S01012678
201,L305H,Udston Hospital,Farm Road,Hamilton,"","",z,"",z,ML3 9LA,S08000032,S37000028,S12000029,S02002395,S01012774
202,L306H,Coathill House,3 Old Monkland Road,Coatbridge,"","",z,"",z,ML5 5EA,S08000032,S37000035,S12000050,S02002171,S01011569
203,L307H,Beckford Lodge,Caird Street,Hamilton,"","",z,"",z,ML3 0AZ,S08000032,S37000028,S12000029,S02002398,S01012794
204,L308H,University Hospital Wishaw ,50 Netherton Street,Wishaw,"","",z,"",z,ML2 0DP,S08000032,S37000035,S12000050,S02002139,S01011387
205,L395E,Red Deer Centre/Day Hospital,Alberta Avenue,Westwood,"",East Kilbride,"","",z,G75 8NH,S08000032,S37000028,S12000029,S02002433,S01012987
206,S102H,Belhaven Hospital,Hospital Road,Dunbar,"","",z,"",z,EH421TR,S08000024,S37000010,S12000010,S02001554,S01008286
207,S107H,Edenhall Hospital,Edenhall Road,Musselburgh,"","",z,"",z,EH217TZ,S08000024,S37000010,S12000010,S02001538,S01008190
208,S108H,Edington Cottage Hospital,54 St Baldred's Road,North Berwick,"","",z,"",z,EH394PU,S08000024,S37000010,S12000010,S02001552,S01008273
209,S109H,Herdmanflat Hospital,Aberlady Road,Haddington,"","",z,"",z,EH413BU,S08000024,S37000010,S12000010,S02001548,S01008253
210,S116H,Western General Hospital,Crewe Road South,Edinburgh,"","",z,"",z,EH4 2XU,S08000024,S37000012,S12000036,S02001663,S01008890
211,S201H,Astley Ainslie Hospital,Grange Loan,Edinburgh,"","",z,"",z,EH9 2HL,S08000024,S37000012,S12000036,S02001615,S01008624
212,S203H,Chalmers Hospital,55 Lauriston Place,Edinburgh,"","",z,"",z,EH3 9HQ,S08000024,S37000012,S12000036,S02001621,S01008667
213,S206H,Edinburgh Dental Institute,4th Floor,Lauriston Building,"",Lauriston Place,"",Edinburgh,"",EH3 9HA,S08000024,S37000012,S12000036,S02001621,S01008667
214,S209H,Liberton Hospital,Lasswade Road,Edinburgh,"","",z,"",z,EH166UB,S08000024,S37000012,S12000036,S02001606,S01008575
215,S217H,Royal Edinburgh Hospital,23 Tipperlinn Road,Edinburgh,"","",z,"",z,EH105HF,S08000024,S37000012,S12000036,S02001616,S01008632
216,S232H,Cambridge Street Day Centre,5/7 Cambridge Street,Edinburgh,"","",z,"",z,EH1 2DY,S08000024,S37000012,S12000036,S02001620,S01008660
217,S234H,William Fraser Centre,Tipperlinn Road,Edinburgh,"","",z,"",z,EH105HF,S08000024,S37000012,S12000036,S02001616,S01008632
218,S235H,The Islay Centre,Tipperlinn Road,Edinburgh,"","",z,"",z,EH105HF,S08000024,S37000012,S12000036,S02001616,S01008632
219,S240H,Glencorse Day Centre,Milton Mill,Milton Bridge,"",Penicuik,"","",z,EH260QZ,S08000024,S37000018,S12000019,S02002056,S01010956
220,S241H,Bonnyrigg Day Centre,Old Library,Bonnyrigg,"","",z,"",z,EH224RT,S08000024,S37000018,S12000019,S02002070,S01011032
221,S243H,Ballenden House,28/32 Howden Street,Edinburgh,"","",z,"",z,EH8 9HL,S08000024,S37000012,S12000036,S02001623,S01008681
222,S305H,St Michael's Hospital,Edinburgh Road,Linlithgow,"","",z,"",z,EH496QS,S08000024,S37000030,S12000040,S02002507,S01013441
223,S306H,Tippethill Hospital,Bathgate,West Lothian,"","",z,"",z,EH483BQ,S08000024,S37000030,S12000040,S02002499,S01013380
224,S307H,Whitburn Day Hospital,1 Weavers Lane,Whitburn,"","",z,"",z,EH470SD,S08000024,S37000030,S12000040,S02002498,S01013376
225,S308H,St John's Hospital,Howden West,Livingston,"",West Lothian,"","",z,EH546PP,S08000024,S37000030,S12000040,S02002488,S01013309
226,S309H,Inchkeith House,137 Leith Walk,Edinburgh,"","",z,"",z,EH6 8NP,S08000024,S37000012,S12000036,S02001644,S01008796
227,S310H,Ferryfield House,100 Pilton Drive,Edinburgh,"","",z,"",z,EH5 2HF,S08000024,S37000012,S12000036,S02001667,S01008911
228,S311H,Bathgate House Day Hospital,15 North Bridge Street,Bathgate,"","",z,"",z,EH484PJ,S08000024,S37000030,S12000040,S02002504,S01013414
229,S312H,Learning Disabilities Service Healthcare Houses,Lothian,"",z,"",z,"",z,EH105EZ,S08000024,S37000012,S12000036,S02001616,S01008632
230,S313H,Ellen's Glen House,72 Carnbee Avenue,Edinburgh,"","",z,"",z,EH166FF,S08000024,S37000012,S12000036,S02001606,S01008574
231,S314H,Royal Infirmary of Edinburgh at Little France,51 Little France Crescent,Old Dalkeith Road,"",Edinburgh,"","",z,EH164SA,S08000024,S37000012,S12000036,S02001627,S01008704
232,S315H,Findlay House,Seafield Street,Edinburgh,"","",z,"",z,EH6 7LG,S08000024,S37000012,S12000036,S02001640,S01008768
233,S316H,Princess Alexandra Eye Pavilion,45 Chalmers Street,Edinburgh,"","",z,"",z,EH3 9HA,S08000024,S37000012,S12000036,S02001621,S01008667
234,S317H,Whitburn House,12/14 The Avenue,Whitburn,"",Bathgate,"",West Lothian,"",EH470DD,S08000024,S37000030,S12000040,S02002498,S01013374
235,S318H,Midlothian Community Hospital,70 Eskbank Road,Dalkeith,"",Midlothian,"","",z,EH223ND,S08000024,S37000018,S12000019,S02002063,S01010996
236,S319H,Royal Hospital for Children and Young People,50 Little France Crescent,Edinburgh,"","",z,"",z,EH164TJ,S08000024,S37000012,S12000036,S02001627,S01008704
237,S320H,East Lothian Community Hospital,Alderson Road,Haddington,"","",z,"",z,EH413PF,S08000024,S37000010,S12000010,S02001548,S01008252
238,S321H,Drumbrae House,24A Ardshiel Avenue,Edinburgh,"","",z,"",z,EH4 7HP,S08000024,S37000012,S12000036,S02001675,S01008952
239,D101H,State Hospital,Carstairs,"",z,"",z,"",z,ML118RP,S08000032,S37000028,S12000029,S02002356,S01012586
240,D102H,Golden Jubilee University National Hospital,Agamemnon Street,Clydebank,"","",z,"",z,G81 4DY,S08000031,S37000029,S12000039,S02002461,S01013131
241,R103H,The Balfour,Foreland Road,Kirkwall,"",Orkney,"","",z,KW151NZ,S08000025,S37000022,S12000023,S02002215,S01011817
242,Z102H,Gilbert Bain Hospital,Lerwick,Shetland,"","",z,"",z,ZE1 0TB,S08000026,S37000026,S12000027,S02002324,S01012395
243,T101H,Ninewells Hospital,Dundee,"",z,"",z,"",z,DD1 9SY,S08000030,S37000007,S12000042,S02001446,S01007694
244,T104H,Kings Cross Hospital,Clepington Road,Dundee,"","",z,"",z,DD3 8EA,S08000030,S37000007,S12000042,S02001468,S01007825
245,T107H,Royal Victoria Hospital,Jedburgh Road,Dundee,"","",z,"",z,DD2 1SP,S08000030,S37000007,S12000042,S02001445,S01007684
246,T113H,Dundee Dental Hospital,2 Park Place,Dundee,"","",z,"",z,DD1 4HR,S08000030,S37000007,S12000042,S02001446,S01007691
247,T115H,Strathmartine Hospital,Strathmartine,Dundee,"","",z,"",z,DD3 0PG,S08000030,S37000003,S12000041,S02001344,S01007133
248,T116H,Armitstead Child Development Centre,Kings Cross Hospital,Clepington Road,"",Dundee,"","",z,DD3 8EA,S08000030,S37000007,S12000042,S02001468,S01007825
249,T120H,Hawkhill Day Hospital,Peddie Street,Dundee,"","",z,"",z,DD1 5LB,S08000030,S37000007,S12000042,S02001446,S01007693
250,T121H,Dundonald Centre,Unit 9a Manhattan Works,Dundonald Street,"",Dundee,"","",z,DD3 7PY,S08000030,S37000007,S12000042,S02001452,S01007726
251,T122H,Dudhope House (Young Persons Unit),15 Dudhope Terrace,Dundee,"","",z,"",z,DD3 6HH,S08000030,S37000007,S12000042,S02001447,S01007700
252,T123H,Royal Victoria Day Hospital,Royal Victoria Hospital,Jedburgh Road,"",Dundee,"","",z,DD2 1SP,S08000030,S37000007,S12000042,S02001445,S01007684
253,T202H,Perth Royal Infirmary,Taymount Terrace,Perth,"","",z,"",z,PH1 1NX,S08000030,S37000033,S12000048,S02002231,S01011898
254,T205H,St Margaret's Hospital,Western Road,Auchterarder,"","",z,"",z,PH3 1JH,S08000030,S37000033,S12000048,S02002223,S01011854
255,T209H,Blairgowrie & Rattray Cottage Hospital,Perth Road,Blairgowrie,"","",z,"",z,PH106EE,S08000030,S37000033,S12000048,S02002249,S01011991
256,T215H,Murray Royal Hospital,Muirhall Road,Perth,"","",z,"",z,PH2 7BH,S08000030,S37000033,S12000048,S02002240,S01011945
257,T221H,Scone Day Hospital,Birch Avenue,Scone,"","",z,"",z,PH2 6LE,S08000030,S37000033,S12000048,S02002241,S01011950
258,T304H,Arbroath Infirmary,Rosemount Road,Arbroath,"","",z,"",z,DD112AT,S08000030,S37000003,S12000041,S02001352,S01007181
259,T305H,Brechin Infirmary,Infirmary Street,Brechin,"","",z,"",z,DD9 7AN,S08000030,S37000003,S12000041,S02001361,S01007234
260,T309H,Little Cairnie Hospital,Forfar Road,Arbroath,"","",z,"",z,DD113RA,S08000030,S37000003,S12000041,S02001351,S01007174
261,T310H,Montrose Royal Infirmary,Bridge Street,Montrose,"","",z,"",z,DD108AJ,S08000030,S37000003,S12000041,S02001357,S01007208
262,T312H,Stracathro Hospital,By Brechin,"",z,"",z,"",z,DD9 7QA,S08000030,S37000003,S12000041,S02001359,S01007225
263,T313H,Whitehills Hospital,By Forfar,"",z,"",z,"",z,DD8 3DY,S08000030,S37000003,S12000041,S02001364,S01007252
264,T314H,Gowanlea,Seaton Road,Arbroath,"","",z,"",z,DD115DX,S08000030,S37000003,S12000041,S02001353,S01007189
265,T316H,Crieff Community Hospital,King Street,Crieff,"","",z,"",z,PH7 3HR,S08000030,S37000033,S12000048,S02002226,S01011870
266,T317H,Carseview Centre,4 Tom McDonald Avenue,Medipark,"",Dundee,"","",z,DD2 1NH,S08000030,S37000007,S12000042,S02001471,S01007839
267,T319H,Whitehills Health and Community Care Centre,By Forfar,"",z,"",z,"",z,DD8 3DY,S08000030,S37000003,S12000041,S02001364,S01007252
268,T320H,Pitlochry Community Hospital,Ferry Road,Pitlochry,"",Perthshire,"","",z,PH165FG,S08000030,S37000033,S12000048,S02002252,S01012010
269,T321H,Perth Dental Hospital,Broxden Business Park,Perth,"","",z,"",z,PH1 1RA,S08000030,S37000033,S12000048,S02002232,S01011899
270,T322H,Kingsway Care Centre,Kings Cross Road,Dundee,"","",z,"",z,DD2 3PT,S08000030,S37000007,S12000042,S02001468,S01007826
271,T323H,Bluebell Intermediate Care Unit,Riverside View Nursing Home,60 Clovis Duveau Drive,"",Dundee,"","",z,DD2 5JB,S08000030,S37000007,S12000042,S02001475,S01007869
272,T324H,Dudhope Young Peoples Inpatient Unit,17 Dudhope Terrace,Dundee,"","",z,"",z,DD3 6HH,S08000030,S37000007,S12000042,S02001447,S01007700
273,T325H,CAMHS Hospital Unit,17 Dudhope Terrace,Dundee,"","",z,"",z,DD3 6HH,S08000030,S37000007,S12000042,S02001447,S01007700
274,W106H,St Brendans Cot Hospital,Horve,Isle of Barra,"","",z,"",z,HS9 5XE,S08000028,S37000031,S12000013,S02001687,S01009014
275,W107H,Western Isles Hospital,Macaulay Road,Stornoway,"",Isle of Lewis,"","",z,HS1 2AF,S08000028,S37000031,S12000013,S02001694,S01009045
276,W108H,Uist & Barra Hospital,Balivanich,Isle of Benbecula,"","",z,"",z,HS7 5LA,S08000028,S37000031,S12000013,S02001688,S01009020
